<?xml version="1.0" encoding="UTF-8" ?>
<!DOCTYPE mapper
        PUBLIC "-//mybatis.org//DTD Mapper 3.0//EN"
        "http://mybatis.org/dtd/mybatis-3-mapper.dtd">
<mapper namespace="com.minbak.web.board.categories.BoardCategoriesMapper">

    <!-- 카테고리 목록 조회 -->
    <select id="findAllCategories" resultType="com.minbak.web.board.categories.BoardCategoryDto">
        SELECT *
        FROM board_categories
    </select>

    <!-- 카테고리 순서대로 목록 조회 -->
    <select id="findOrderedCategories" resultType="com.minbak.web.board.categories.BoardCategoryDto">
        SELECT *
        FROM board_categories
        ORDER BY `order` ASC
    </select>

    <!-- 카테고리 추가 -->
    <insert id="createCategory">
        INSERT INTO board_categories (name)
        VALUES (#{name})
    </insert>

    <!-- 카테고리 순서 수정 -->
    <update id="updateCategoryOrder">
        UPDATE board_categories
        SET `order` = #{order}
        WHERE id = #{id}
    </update>

    <!-- 카테고리 수정 -->
    <update id="updateCategory">
        UPDATE board_categories
        SET `name` = #{name}
        WHERE id = #{id}
    </update>

    <!-- 카테고리 삭제 -->
    <delete id="deleteCategory">
        DELETE FROM board_categories
        WHERE id = #{id}
    </delete>

    <!-- 특정 카테고리 조회 -->
    <select id="findCategoryById" resultType="com.minbak.web.board.categories.BoardCategoryDto">
        SELECT *
        FROM board_categories
        WHERE id = #{id}
    </select>


</mapper>