<?xml version="1.0" encoding="UTF-8" ?>
<!DOCTYPE mapper
        PUBLIC "-//mybatis.org//DTD Mapper 3.0//EN"
        "http://mybatis.org/dtd/mybatis-3-mapper.dtd">
<mapper namespace="com.minbak.web.board.comments.BoardCommentsMapper">

    <!-- 댓글 목록 조회 -->
    <select id="findCommentsByPostId" resultType="com.minbak.web.board.comments.BoardCommentDto">
        SELECT *
        FROM board_comments
        WHERE post_id = #{postId}
    </select>

    <!--댓글 id로 해당 게시글 조회-->
    <select id="findPostByCommentId" resultType="com.minbak.web.board.posts.BoardPostDto">
        SELECT b.*
        FROM board_posts b
        JOIN board_comments c ON b.id = c.post_id
        WHERE c.id = #{id}
    </select>

    <!-- 댓글 추가 -->
    <insert id="createComment" useGeneratedKeys="true" keyProperty="id">
        INSERT INTO board_comments (post_id, author, content)
        VALUES (#{postId}, #{author}, #{content})
    </insert>

    <!-- 댓글 수정 사용X-->
    <update id="updateComment">
        UPDATE board_comments
        SET content = #{content}
        WHERE id = #{id}
    </update>

    <!-- 댓글 삭제 -->
    <delete id="deleteComment">
        DELETE FROM board_comments
        WHERE id = #{id}
    </delete>

    <!-- 댓글 조회 사용X-->
    <select id="findCommentById" resultType="com.minbak.web.board.comments.BoardCommentDto">
        SELECT *
        FROM board_comments
        WHERE id = #{id}
    </select>


</mapper>