<?xml version="1.0" encoding="UTF-8" ?>
<!DOCTYPE mapper
        PUBLIC "-//mybatis.org//DTD Mapper 3.0//EN"
        "http://mybatis.org/dtd/mybatis-3-mapper.dtd">
<mapper namespace="com.minbak.web.board.posts.BoardPostsMapper">

    <!-- 게시글 목록 조회 사용X-->
    <select id="findAllPosts" resultType="com.minbak.web.board.posts.BoardPostDto">
        SELECT p.id, p.title, p.content, p.author, p.subject, p.category_id, p.created_at, p.updated_at, c.name AS category_name
        FROM board_posts p
        LEFT JOIN board_categories c ON p.category_id = c.id
    </select>

    <!-- 게시글 추가 -->
    <insert id="createPost" useGeneratedKeys="true" keyProperty="id">
        INSERT INTO board_posts (title, content, author, subject, category_id)
        VALUES (#{title}, #{content}, #{author}, #{subject}, #{categoryId})
    </insert>

    <!-- 게시글 수정 사용X-->
    <update id="updatePost">
        UPDATE board_posts
        SET title = #{title}, content = #{content}, author = #{author}, subject = #{subject}, category_id = #{categoryId}
        WHERE id = #{id}
    </update>

    <!-- 게시글 삭제 -->
    <delete id="deletePost">
        DELETE FROM board_posts
        WHERE id = #{id}
    </delete>

    <!-- 게시글 조회 -->
    <select id="findPostById" resultType="com.minbak.web.board.posts.BoardPostDto">
        SELECT *
        FROM board_posts
        WHERE id = #{id}
    </select>

    <!-- 모든 게시글 수 체크 -->
    <select id="countAllPosts" resultType="int">
        select count(*) from board_posts
    </select>

    <!-- limit와 offset값에 따라 게시글 조회 -->
    <select id="findPostsByLimitAndOffset" resultType="com.minbak.web.board.posts.BoardPostDto">
        select * from board_posts
        order by id DESC
        limit #{limit} offset #{offset};
    </select>

    <!-- 해당 카테고리에 해당하는 게시글만 limit와 offset값에 따라 조회 -->
    <select id="findPostsByLimitAndOffsetByCategoryId" resultType="com.minbak.web.board.posts.BoardPostDto">
        SELECT *
        FROM board_posts
        WHERE category_id = #{categoryId}  <!-- category_id가 주어진 값과 일치하는 데이터만 조회 -->
        ORDER BY id DESC
        LIMIT #{limit} OFFSET #{offset};
    </select>

    <!-- 해당 카테고리의 모든 게시글 수 체크 -->
    <select id="countAllPostsByCategoryId" resultType="int">
        select count(*) from board_posts WHERE category_id = #{categoryId}
    </select>


</mapper>