<?xml version="1.0" encoding="UTF-8"?>
<!DOCTYPE mapper PUBLIC "-//mybatis.org//DTD Mapper 3.0//EN" "http://mybatis.org/dtd/mybatis-3-mapper.dtd">
<mapper namespace="com.minbak.web.books.BooksMapper">
    <insert id="insertBook" parameterType="com.minbak.web.books.BooksDto">
        insert into books(start_date, end_date, guests_num, request, status, user_id, room_id)
        values(#{startDate}, #{endDate}, #{guestsNum}, #{request}, #{status}, #{userId}, #{roomId})
    </insert>
    <select id="selectBookById" parameterType="Integer" resultType="com.minbak.web.books.BooksDto">
        select book_id, start_date, end_date, guests_num, request, status, user_id, room_id
        from books
        where book_id = #{bookId}
    </select>
    <select id="selectBooksByPage" resultType="com.minbak.web.books.BooksDto">
        select book_id, start_date, end_date, guests_num, request, status, user_id, room_id
        from books
        order by book_id
        limit #{size} offset #{offset}
    </select>
    <select id="countTotalBooks" resultType="int">
        select count(*) from books
    </select>
    <update id="updateBook" parameterType="com.minbak.web.books.BooksDto">
        update books
        set start_date=#{startDate}, end_date=#{endDate}, guests_num=#{guestsNum}, request=#{request},
            status=#{status}, user_id=#{userId}, room_id=#{roomId}
        where book_id=#{bookId}
    </update>
    <delete id="deleteBook" parameterType="Integer">
        delete from books
        where book_id=#{bookId}
    </delete>
</mapper>